SpectrumID	#Scan#	SpectrumFile	LibraryName	MQScore	TIC_Query	RT_Query	MZErrorPPM	SharedPeaks	MassDiff	SpecMZ	SpecCharge	FileScanUniqueID	NumberHits	Compound_Name	Ion_Source	Instrument	Compound_Source	PI	Data_Collector	Adduct	Precursor_MZ	ExactMass	Charge	CAS_Number	Pubmed_ID	Smiles	INCHI	INCHI_AUX	Library_Class	IonMode	Organism	LibMZ	UpdateWorkflowName	LibraryQualityString	tags	molecular_formula	InChIKey	InChIKey-Planar	superclass	class	subclass	npclassifier_superclass	npclassifier_class	npclassifier_pathway
CCMSLIB00012177096	453	spectra_filtered.mgf	library_massQL_acyl_amides_filtered_cos07_ok_renumbered.mgf	0.998065	29800000.0	0	0.671141	7	0.000106812	159.149	1	temp/spectra_filtered.mgf453	1	Candidate Cadaverine-C3:0 (delta mass:56.0262)	LC-ESI	Orbitrap	Crude	Pieter Dorrestein	helenamrusso	M+H	159.149	159.149	0	N/A	N/A	N/A	N/A	N/A	4	Positive	PRIVATE-USER	159.149	UPDATE-SINGLE-ANNOTATED-BRONZE	Insilico		N/A	N/A	N/A	N/A	N/A	N/A	N/A	N/A	N/A
CCMSLIB00012176944	717	spectra_filtered.mgf	library_massQL_acyl_amides_filtered_cos07_ok_renumbered.mgf	0.997421	38510000.0	0	77.236	7	0.0119019	154.085	1	temp/spectra_filtered.mgf717	1	Candidate Histamine-C2:0 (delta mass:42.0104)	LC-ESI	Orbitrap	Crude	Pieter Dorrestein	helenamrusso	M+H	154.097	154.097	0	N/A	N/A	N/A	N/A	N/A	4	Positive	PRIVATE-USER	154.097	UPDATE-SINGLE-ANNOTATED-BRONZE	Insilico		N/A	N/A	N/A	N/A	N/A	N/A	N/A	N/A	N/A
CCMSLIB00012180505	5534	spectra_filtered.mgf	library_massQL_acyl_amides_filtered_cos07_ok_renumbered.mgf	0.997365	24270000.0	0	1.77038	8	0.000396729	224.092	1	temp/spectra_filtered.mgf5534	1	Candidate Tyrosine-C2:0 (delta mass:42.0107)	LC-ESI	Orbitrap	Crude	Pieter Dorrestein	helenamrusso	M+H	224.092	224.092	0	N/A	N/A	N/A	N/A	N/A	4	Positive	PRIVATE-USER	224.092	UPDATE-SINGLE-ANNOTATED-BRONZE	Insilico		N/A	N/A	N/A	N/A	N/A	N/A	N/A	N/A	N/A
CCMSLIB00012182758	32495	spectra_filtered.mgf	library_massQL_acyl_amides_filtered_cos07_ok_renumbered.mgf	0.997041	3621100.0	0	0.824061	10	0.000305176	370.331	1	temp/spectra_filtered.mgf32495	1	Candidate Leucine-C16:0 (delta mass:238.2298)	LC-ESI	Orbitrap	Crude	Pieter Dorrestein	helenamrusso	M+H	370.332	370.332	0	N/A	N/A	N/A	N/A	N/A	4	Positive	PRIVATE-USER	370.332	UPDATE-SINGLE-ANNOTATED-BRONZE	Insilico		N/A	N/A	N/A	N/A	N/A	N/A	N/A	N/A	N/A
CCMSLIB00012183220	32710	spectra_filtered.mgf	library_massQL_acyl_amides_filtered_cos07_ok_renumbered.mgf	0.99636	4318800.0	0	1.00096	12	0.000396729	396.347	1	temp/spectra_filtered.mgf32710	1	Candidate Leucine-C18:1 (delta mass:264.2453)	LC-ESI	Orbitrap	Crude	Pieter Dorrestein	helenamrusso	M+H	396.347	396.347	0	N/A	N/A	N/A	N/A	N/A	4	Positive	PRIVATE-USER	396.347	UPDATE-SINGLE-ANNOTATED-BRONZE	Insilico		N/A	N/A	N/A	N/A	N/A	N/A	N/A	N/A	N/A
CCMSLIB00012176965	894	spectra_filtered.mgf	library_massQL_acyl_amides_filtered_cos07_ok_renumbered.mgf	0.995654	96580000.0	0	1.28726	6	0.000198364	154.097	1	temp/spectra_filtered.mgf894	1	Candidate Histamine-C2:0 (delta mass:42.0106)	LC-ESI	Orbitrap	Crude	Pieter Dorrestein	helenamrusso	M+H	154.098	154.098	0	N/A	N/A	N/A	N/A	N/A	4	Positive	PRIVATE-USER	154.098	UPDATE-SINGLE-ANNOTATED-BRONZE	Insilico		N/A	N/A	N/A	N/A	N/A	N/A	N/A	N/A	N/A
CCMSLIB00012178611	8239	spectra_filtered.mgf	library_massQL_acyl_amides_filtered_cos07_ok_renumbered.mgf	0.990672	176520000.0	0	0.0	7	0.0	187.18	1	temp/spectra_filtered.mgf8239	1	Candidate Cadaverine-C5:0 (delta mass:84.0574)	LC-ESI	Orbitrap	Crude	Pieter Dorrestein	helenamrusso	M+H	187.18	187.18	0	N/A	N/A	N/A	N/A	N/A	4	Positive	PRIVATE-USER	187.18	UPDATE-SINGLE-ANNOTATED-BRONZE	Insilico		N/A	N/A	N/A	N/A	N/A	N/A	N/A	N/A	N/A
CCMSLIB00012178818	243	spectra_filtered.mgf	library_massQL_acyl_amides_filtered_cos07_ok_renumbered.mgf	0.986916	29380000.0	0	0.486528	8	9.15527e-05	188.176	1	temp/spectra_filtered.mgf243	1	Candidate Spermidine-C2:0 (delta mass:42.0103)	LC-ESI	Orbitrap	Crude	Pieter Dorrestein	helenamrusso	M+H	188.176	188.176	0	N/A	N/A	N/A	N/A	N/A	4	Positive	PRIVATE-USER	188.176	UPDATE-SINGLE-ANNOTATED-BRONZE	Insilico		N/A	N/A	N/A	N/A	N/A	N/A	N/A	N/A	N/A
CCMSLIB00012180236	9008	spectra_filtered.mgf	library_massQL_acyl_amides_filtered_cos07_ok_renumbered.mgf	0.98682	2162100.0	0	0.905305	7	0.000198364	219.113	1	temp/spectra_filtered.mgf9008	1	Candidate Serotonin-C2:0 (delta mass:42.011)	LC-ESI	Orbitrap	Crude	Pieter Dorrestein	helenamrusso	M+H	219.113	219.113	0	N/A	N/A	N/A	N/A	N/A	4	Positive	PRIVATE-USER	219.113	UPDATE-SINGLE-ANNOTATED-BRONZE	Insilico		N/A	N/A	N/A	N/A	N/A	N/A	N/A	N/A	N/A
CCMSLIB00012183165	32587	spectra_filtered.mgf	library_massQL_acyl_amides_filtered_cos07_ok_renumbered.mgf	0.983143	16668000.0	0	1.77998	15	0.000701904	394.331	1	temp/spectra_filtered.mgf32587	1	Candidate Leucine-C18:2 (delta mass:262.2301)	LC-ESI	Orbitrap	Crude	Pieter Dorrestein	helenamrusso	M+H	394.332	394.332	0	N/A	N/A	N/A	N/A	N/A	4	Positive	PRIVATE-USER	394.332	UPDATE-SINGLE-ANNOTATED-BRONZE	Insilico		N/A	N/A	N/A	N/A	N/A	N/A	N/A	N/A	N/A
CCMSLIB00012179140	5981	spectra_filtered.mgf	library_massQL_acyl_amides_filtered_cos07_ok_renumbered.mgf	0.982193	2871600.0	0	4.12406	6	0.000808716	196.096	1	temp/spectra_filtered.mgf5981	1	Candidate Dopamine-C2:0 (delta mass:42.0105)	LC-ESI	Orbitrap	Crude	Pieter Dorrestein	helenamrusso	M+H	196.097	196.097	0	N/A	N/A	N/A	N/A	N/A	4	Positive	PRIVATE-USER	196.097	UPDATE-SINGLE-ANNOTATED-BRONZE	Insilico		N/A	N/A	N/A	N/A	N/A	N/A	N/A	N/A	N/A
CCMSLIB00012183556	30343	spectra_filtered.mgf	library_massQL_acyl_amides_filtered_cos07_ok_renumbered.mgf	0.981884	11756900.0	0	23.085	14	0.0098877	428.306	1	temp/spectra_filtered.mgf30343	1	Candidate Phenylalanine-C18:2 (delta mass:262.2299)	LC-ESI	Orbitrap	Crude	Pieter Dorrestein	helenamrusso	M+H	428.316	428.316	0	N/A	N/A	N/A	N/A	N/A	4	Positive	PRIVATE-USER	428.316	UPDATE-SINGLE-ANNOTATED-BRONZE	Insilico		N/A	N/A	N/A	N/A	N/A	N/A	N/A	N/A	N/A
CCMSLIB00012178586	6466	spectra_filtered.mgf	library_massQL_acyl_amides_filtered_cos07_ok_renumbered.mgf	0.978553	188250000.0	0	1.05996	9	0.000198364	187.144	1	temp/spectra_filtered.mgf6466	1	Candidate N-acetylcadaverine-C2:0 (delta mass:42.0103)	LC-ESI	Orbitrap	Crude	Pieter Dorrestein	helenamrusso	M+H	187.144	187.144	0	N/A	N/A	N/A	N/A	N/A	4	Positive	PRIVATE-USER	187.144	UPDATE-SINGLE-ANNOTATED-BRONZE	Insilico		N/A	N/A	N/A	N/A	N/A	N/A	N/A	N/A	N/A
CCMSLIB00012180630	12717	spectra_filtered.mgf	library_massQL_acyl_amides_filtered_cos07_ok_renumbered.mgf	0.977651	816400.0	0	0.399397	9	9.15527e-05	229.227	1	temp/spectra_filtered.mgf12717	1	Candidate Cadaverine-C8:0 (delta mass:126.1044)	LC-ESI	Orbitrap	Crude	Pieter Dorrestein	helenamrusso	M+H	229.227	229.227	0	N/A	N/A	N/A	N/A	N/A	4	Positive	PRIVATE-USER	229.227	UPDATE-SINGLE-ANNOTATED-BRONZE	Insilico		N/A	N/A	N/A	N/A	N/A	N/A	N/A	N/A	N/A
CCMSLIB00012182428	24091	spectra_filtered.mgf	library_massQL_acyl_amides_filtered_cos07_ok_renumbered.mgf	0.976271	6249000.0	0	7.66607	7	0.00268555	350.319	1	temp/spectra_filtered.mgf24091	1	Candidate Histamine-C16:0 (delta mass:238.2291)	LC-ESI	Orbitrap	Crude	Pieter Dorrestein	helenamrusso	M+H	350.316	350.316	0	N/A	N/A	N/A	N/A	N/A	4	Positive	PRIVATE-USER	350.316	UPDATE-SINGLE-ANNOTATED-BRONZE	Insilico		N/A	N/A	N/A	N/A	N/A	N/A	N/A	N/A	N/A
CCMSLIB00012178405	7760	spectra_filtered.mgf	library_massQL_acyl_amides_filtered_cos07_ok_renumbered.mgf	0.975355	5643700.0	0	1.1014	4	0.000198364	180.102	1	temp/spectra_filtered.mgf7760	1	Candidate Tyramine-C2:0 (delta mass:42.0106)	LC-ESI	Orbitrap	Crude	Pieter Dorrestein	helenamrusso	M+H	180.102	180.102	0	N/A	N/A	N/A	N/A	N/A	4	Positive	PRIVATE-USER	180.102	UPDATE-SINGLE-ANNOTATED-BRONZE	Insilico		N/A	N/A	N/A	N/A	N/A	N/A	N/A	N/A	N/A
CCMSLIB00012182340	31692	spectra_filtered.mgf	library_massQL_acyl_amides_filtered_cos07_ok_renumbered.mgf	0.971838	1898100.0	0	2.40717	9	0.000823975	342.3	1	temp/spectra_filtered.mgf31692	1	Candidate Leucine-C14:0 (delta mass:210.1977)	LC-ESI	Orbitrap	Crude	Pieter Dorrestein	helenamrusso	M+H	342.3	342.3	0	N/A	N/A	N/A	N/A	N/A	4	Positive	PRIVATE-USER	342.3	UPDATE-SINGLE-ANNOTATED-BRONZE	Insilico		N/A	N/A	N/A	N/A	N/A	N/A	N/A	N/A	N/A
CCMSLIB00012181001	15990	spectra_filtered.mgf	library_massQL_acyl_amides_filtered_cos07_ok_renumbered.mgf	0.970616	810400.0	0	0.711757	10	0.000183105	257.259	1	temp/spectra_filtered.mgf15990	1	Candidate Cadaverine-C10:0 (delta mass:154.1355)	LC-ESI	Orbitrap	Crude	Pieter Dorrestein	helenamrusso	M+H	257.259	257.259	0	N/A	N/A	N/A	N/A	N/A	4	Positive	PRIVATE-USER	257.259	UPDATE-SINGLE-ANNOTATED-BRONZE	Insilico		N/A	N/A	N/A	N/A	N/A	N/A	N/A	N/A	N/A
CCMSLIB00012181071	18173	spectra_filtered.mgf	library_massQL_acyl_amides_filtered_cos07_ok_renumbered.mgf	0.969917	2400900.0	0	0.0	8	0.0	264.159	1	temp/spectra_filtered.mgf18173	1	Candidate Leucine-C9:4 (delta mass:132.0572)	LC-ESI	Orbitrap	Crude	Pieter Dorrestein	helenamrusso	M+H	264.159	264.159	0	N/A	N/A	N/A	N/A	N/A	4	Positive	PRIVATE-USER	264.159	UPDATE-SINGLE-ANNOTATED-BRONZE	Insilico		N/A	N/A	N/A	N/A	N/A	N/A	N/A	N/A	N/A
CCMSLIB00012181715	16381	spectra_filtered.mgf	library_massQL_acyl_amides_filtered_cos07_ok_renumbered.mgf	0.969826	680900.0	0	1.73079	10	0.000488281	282.116	1	temp/spectra_filtered.mgf16381	1	Candidate Methionine-C9:4 (delta mass:132.0568)	LC-ESI	Orbitrap	Crude	Pieter Dorrestein	helenamrusso	M+H	282.115	282.115	0	N/A	N/A	N/A	N/A	N/A	4	Positive	PRIVATE-USER	282.115	UPDATE-SINGLE-ANNOTATED-BRONZE	Insilico		N/A	N/A	N/A	N/A	N/A	N/A	N/A	N/A	N/A
CCMSLIB00012179282	7579	spectra_filtered.mgf	library_massQL_acyl_amides_filtered_cos07_ok_renumbered.mgf	0.967426	70510000.0	0	0.530979	10	0.000106812	201.16	1	temp/spectra_filtered.mgf7579	1	Candidate N-acetylcadaverine-C3:0 (delta mass:56.026)	LC-ESI	Orbitrap	Crude	Pieter Dorrestein	helenamrusso	M+H	201.16	201.16	0	N/A	N/A	N/A	N/A	N/A	4	Positive	PRIVATE-USER	201.16	UPDATE-SINGLE-ANNOTATED-BRONZE	Insilico		N/A	N/A	N/A	N/A	N/A	N/A	N/A	N/A	N/A
CCMSLIB00012178524	2112	spectra_filtered.mgf	library_massQL_acyl_amides_filtered_cos07_ok_renumbered.mgf	0.966951	53420000.0	0	0.0	6	0.0	182.129	1	temp/spectra_filtered.mgf2112	1	Candidate Histamine-C4:0 (delta mass:70.0418)	LC-ESI	Orbitrap	Crude	Pieter Dorrestein	helenamrusso	M+H	182.129	182.129	0	N/A	N/A	N/A	N/A	N/A	4	Positive	PRIVATE-USER	182.129	UPDATE-SINGLE-ANNOTATED-BRONZE	Insilico		N/A	N/A	N/A	N/A	N/A	N/A	N/A	N/A	N/A
CCMSLIB00012182325	23818	spectra_filtered.mgf	library_massQL_acyl_amides_filtered_cos07_ok_renumbered.mgf	0.966548	4054800.0	0	0.268206	10	9.15527e-05	341.353	1	temp/spectra_filtered.mgf23818	1	Candidate Cadaverine-C16:0 (delta mass:238.2296)	LC-ESI	Orbitrap	Crude	Pieter Dorrestein	helenamrusso	M+H	341.353	341.353	0	N/A	N/A	N/A	N/A	N/A	4	Positive	PRIVATE-USER	341.353	UPDATE-SINGLE-ANNOTATED-BRONZE	Insilico		N/A	N/A	N/A	N/A	N/A	N/A	N/A	N/A	N/A
CCMSLIB00012177852	9355	spectra_filtered.mgf	library_massQL_acyl_amides_filtered_cos07_ok_renumbered.mgf	0.965606	2564000.0	0	0.0	6	0.0	174.112	1	temp/spectra_filtered.mgf9355	1	Candidate Alanine/Sarcosine-C5:0 (delta mass:84.0573)	LC-ESI	Orbitrap	Crude	Pieter Dorrestein	helenamrusso	M+H	174.112	174.112	0	N/A	N/A	N/A	N/A	N/A	4	Positive	PRIVATE-USER	174.112	UPDATE-SINGLE-ANNOTATED-BRONZE	Insilico		N/A	N/A	N/A	N/A	N/A	N/A	N/A	N/A	N/A
CCMSLIB00012176831	6449	spectra_filtered.mgf	library_massQL_acyl_amides_filtered_cos07_ok_renumbered.mgf	0.964966	3480000.0	0	0.630818	6	9.15527e-05	145.133	1	temp/spectra_filtered.mgf6449	1	Candidate Cadaverine-C2:0 (delta mass:42.0104)	LC-ESI	Orbitrap	Crude	Pieter Dorrestein	helenamrusso	M+H	145.133	145.133	0	N/A	N/A	N/A	N/A	N/A	4	Positive	PRIVATE-USER	145.133	UPDATE-SINGLE-ANNOTATED-BRONZE	Insilico		N/A	N/A	N/A	N/A	N/A	N/A	N/A	N/A	N/A
CCMSLIB00012180046	8541	spectra_filtered.mgf	library_massQL_acyl_amides_filtered_cos07_ok_renumbered.mgf	0.964616	3304500.0	0	2.90422	5	0.000610352	210.16	1	temp/spectra_filtered.mgf8541	1	Candidate Histamine-C6:0 (delta mass:98.0736)	LC-ESI	Orbitrap	Crude	Pieter Dorrestein	helenamrusso	M+H	210.161	210.161	0	N/A	N/A	N/A	N/A	N/A	4	Positive	PRIVATE-USER	210.161	UPDATE-SINGLE-ANNOTATED-BRONZE	Insilico		N/A	N/A	N/A	N/A	N/A	N/A	N/A	N/A	N/A
CCMSLIB00012177733	4169	spectra_filtered.mgf	library_massQL_acyl_amides_filtered_cos07_ok_renumbered.mgf	0.963656	14071000.0	0	0.528815	6	9.15527e-05	173.128	1	temp/spectra_filtered.mgf4169	1	Candidate N-acetylputrescine-C2:0 (delta mass:42.0103)	LC-ESI	Orbitrap	Crude	Pieter Dorrestein	helenamrusso	M+H	173.128	173.128	0	N/A	N/A	N/A	N/A	N/A	4	Positive	PRIVATE-USER	173.128	UPDATE-SINGLE-ANNOTATED-BRONZE	Insilico		N/A	N/A	N/A	N/A	N/A	N/A	N/A	N/A	N/A
CCMSLIB00012180726	14651	spectra_filtered.mgf	library_massQL_acyl_amides_filtered_cos07_ok_renumbered.mgf	0.963529	1687100.0	0	1.2278	7	0.000289917	236.128	1	temp/spectra_filtered.mgf14651	1	Candidate Phenylalanine-C4:0 (delta mass:70.0415)	LC-ESI	Orbitrap	Crude	Pieter Dorrestein	helenamrusso	M+H	236.128	236.128	0	N/A	N/A	N/A	N/A	N/A	4	Positive	PRIVATE-USER	236.128	UPDATE-SINGLE-ANNOTATED-BRONZE	Insilico		N/A	N/A	N/A	N/A	N/A	N/A	N/A	N/A	N/A
CCMSLIB00012180829	20130	spectra_filtered.mgf	library_massQL_acyl_amides_filtered_cos07_ok_renumbered.mgf	0.96128	321900.0	0	1.24975	9	0.000305176	244.191	1	temp/spectra_filtered.mgf20130	1	Candidate Leucine-C7:0 (delta mass:112.0885)	LC-ESI	Orbitrap	Crude	Pieter Dorrestein	helenamrusso	M+H	244.19	244.19	0	N/A	N/A	N/A	N/A	N/A	4	Positive	PRIVATE-USER	244.19	UPDATE-SINGLE-ANNOTATED-BRONZE	Insilico		N/A	N/A	N/A	N/A	N/A	N/A	N/A	N/A	N/A
CCMSLIB00012183310	20454	spectra_filtered.mgf	library_massQL_acyl_amides_filtered_cos07_ok_renumbered.mgf	0.95757	267900.0	0	18.7996	13	0.00750732	399.326	1	temp/spectra_filtered.mgf20454	1	Candidate Arginine-C15:0 (delta mass:224.2144)	LC-ESI	Orbitrap	Crude	Pieter Dorrestein	helenamrusso	M+H	399.333	399.333	0	N/A	N/A	N/A	N/A	N/A	4	Positive	PRIVATE-USER	399.333	UPDATE-SINGLE-ANNOTATED-BRONZE	Insilico		N/A	N/A	N/A	N/A	N/A	N/A	N/A	N/A	N/A
CCMSLIB00012176832	1030	spectra_filtered.mgf	library_massQL_acyl_amides_filtered_cos07_ok_renumbered.mgf	0.957021	187900000.0	0	0.0	5	0.0	145.133	1	temp/spectra_filtered.mgf1030	1	Candidate Cadaverine-C2:0 (delta mass:42.0104)	LC-ESI	Orbitrap	Crude	Pieter Dorrestein	helenamrusso	M+H	145.133	145.133	0	N/A	N/A	N/A	N/A	N/A	4	Positive	PRIVATE-USER	145.133	UPDATE-SINGLE-ANNOTATED-BRONZE	Insilico		N/A	N/A	N/A	N/A	N/A	N/A	N/A	N/A	N/A
CCMSLIB00012183738	27981	spectra_filtered.mgf	library_massQL_acyl_amides_filtered_cos07_ok_renumbered.mgf	0.9523	3462800.0	0	0.206055	10	9.15527e-05	444.311	1	temp/spectra_filtered.mgf27981	1	Candidate Tyrosine-C18:2 (delta mass:262.2301)	LC-ESI	Orbitrap	Crude	Pieter Dorrestein	helenamrusso	M+H	444.311	444.311	0	N/A	N/A	N/A	N/A	N/A	4	Positive	PRIVATE-USER	444.311	UPDATE-SINGLE-ANNOTATED-BRONZE	Insilico		N/A	N/A	N/A	N/A	N/A	N/A	N/A	N/A	N/A
CCMSLIB00012181096	15659	spectra_filtered.mgf	library_massQL_acyl_amides_filtered_cos07_ok_renumbered.mgf	0.951184	207500.0	0	4.58528	5	0.0012207	266.223	1	temp/spectra_filtered.mgf15659	1	Candidate Histamine-C10:0 (delta mass:154.135)	LC-ESI	Orbitrap	Crude	Pieter Dorrestein	helenamrusso	M+H	266.222	266.222	0	N/A	N/A	N/A	N/A	N/A	4	Positive	PRIVATE-USER	266.222	UPDATE-SINGLE-ANNOTATED-BRONZE	Insilico		N/A	N/A	N/A	N/A	N/A	N/A	N/A	N/A	N/A
CCMSLIB00012181045	5921	spectra_filtered.mgf	library_massQL_acyl_amides_filtered_cos07_ok_renumbered.mgf	0.950968	1218000.0	0	2.35497	12	0.000610352	259.177	1	temp/spectra_filtered.mgf5921	1	Candidate Arginine-C5:0 (delta mass:84.057)	LC-ESI	Orbitrap	Crude	Pieter Dorrestein	helenamrusso	M+H	259.176	259.176	0	N/A	N/A	N/A	N/A	N/A	4	Positive	PRIVATE-USER	259.176	UPDATE-SINGLE-ANNOTATED-BRONZE	Insilico		N/A	N/A	N/A	N/A	N/A	N/A	N/A	N/A	N/A
CCMSLIB00012177200	6872	spectra_filtered.mgf	library_massQL_acyl_amides_filtered_cos07_ok_renumbered.mgf	0.950063	751000.0	0	0.667168	7	0.000106812	160.097	1	temp/spectra_filtered.mgf6872	1	Candidate 2-aminovaleric acid-C2:0 (delta mass:42.0105)	LC-ESI	Orbitrap	Crude	Pieter Dorrestein	helenamrusso	M+H	160.097	160.097	0	N/A	N/A	N/A	N/A	N/A	4	Positive	PRIVATE-USER	160.097	UPDATE-SINGLE-ANNOTATED-BRONZE	Insilico		N/A	N/A	N/A	N/A	N/A	N/A	N/A	N/A	N/A
CCMSLIB00012180037	5106	spectra_filtered.mgf	library_massQL_acyl_amides_filtered_cos07_ok_renumbered.mgf	0.948462	603800.0	0	11.4034	5	0.00239563	210.078	1	temp/spectra_filtered.mgf5106	1	Candidate Spermidine-C5:0 (delta mass:84.0581)	LC-ESI	Orbitrap	Crude	Pieter Dorrestein	helenamrusso	M+H	210.08	210.08	0	N/A	N/A	N/A	N/A	N/A	4	Positive	PRIVATE-USER	210.08	UPDATE-SINGLE-ANNOTATED-BRONZE	Insilico		N/A	N/A	N/A	N/A	N/A	N/A	N/A	N/A	N/A
CCMSLIB00012179469	13162	spectra_filtered.mgf	library_massQL_acyl_amides_filtered_cos07_ok_renumbered.mgf	0.944764	4188000.0	0	1.5097	7	0.000305176	202.144	1	temp/spectra_filtered.mgf13162	1	Candidate Leucine-C4:0 (delta mass:70.042)	LC-ESI	Orbitrap	Crude	Pieter Dorrestein	helenamrusso	M+H	202.144	202.144	0	N/A	N/A	N/A	N/A	N/A	4	Positive	PRIVATE-USER	202.144	UPDATE-SINGLE-ANNOTATED-BRONZE	Insilico		N/A	N/A	N/A	N/A	N/A	N/A	N/A	N/A	N/A
CCMSLIB00012182840	22927	spectra_filtered.mgf	library_massQL_acyl_amides_filtered_cos07_ok_renumbered.mgf	0.943754	1680200.0	0	18.1809	4	0.00680542	374.323	1	temp/spectra_filtered.mgf22927	1	Candidate Histamine-C18:2 (delta mass:262.2292)	LC-ESI	Orbitrap	Crude	Pieter Dorrestein	helenamrusso	M+H	374.316	374.316	0	N/A	N/A	N/A	N/A	N/A	4	Positive	PRIVATE-USER	374.316	UPDATE-SINGLE-ANNOTATED-BRONZE	Insilico		N/A	N/A	N/A	N/A	N/A	N/A	N/A	N/A	N/A
CCMSLIB00012182574	29668	spectra_filtered.mgf	library_massQL_acyl_amides_filtered_cos07_ok_renumbered.mgf	0.943298	4858400.0	0	2.22683	8	0.000793457	356.316	1	temp/spectra_filtered.mgf29668	1	Candidate Valine-C16:0 (delta mass:238.2303)	LC-ESI	Orbitrap	Crude	Pieter Dorrestein	helenamrusso	M+H	356.317	356.317	0	N/A	N/A	N/A	N/A	N/A	4	Positive	PRIVATE-USER	356.317	UPDATE-SINGLE-ANNOTATED-BRONZE	Insilico		N/A	N/A	N/A	N/A	N/A	N/A	N/A	N/A	N/A
CCMSLIB00012179166	5279	spectra_filtered.mgf	library_massQL_acyl_amides_filtered_cos07_ok_renumbered.mgf	0.941547	10166000.0	0	1.55587	7	0.000305176	196.144	1	temp/spectra_filtered.mgf5279	1	Candidate Histamine-C5:0 (delta mass:84.0577)	LC-ESI	Orbitrap	Crude	Pieter Dorrestein	helenamrusso	M+H	196.145	196.145	0	N/A	N/A	N/A	N/A	N/A	4	Positive	PRIVATE-USER	196.145	UPDATE-SINGLE-ANNOTATED-BRONZE	Insilico		N/A	N/A	N/A	N/A	N/A	N/A	N/A	N/A	N/A
CCMSLIB00012177510	1191	spectra_filtered.mgf	library_massQL_acyl_amides_filtered_cos07_ok_renumbered.mgf	0.939262	51560000.0	0	17.79	6	0.00299072	168.116	1	temp/spectra_filtered.mgf1191	1	Candidate Histamine-C3:0 (delta mass:56.0261)	LC-ESI	Orbitrap	Crude	Pieter Dorrestein	helenamrusso	M+H	168.113	168.113	0	N/A	N/A	N/A	N/A	N/A	4	Positive	PRIVATE-USER	168.113	UPDATE-SINGLE-ANNOTATED-BRONZE	Insilico		N/A	N/A	N/A	N/A	N/A	N/A	N/A	N/A	N/A
CCMSLIB00012183745	30083	spectra_filtered.mgf	library_massQL_acyl_amides_filtered_cos07_ok_renumbered.mgf	0.938863	885500.0	0	0.205125	12	9.15527e-05	446.326	1	temp/spectra_filtered.mgf30083	1	Candidate Tyrosine-C18:1 (delta mass:264.2447)	LC-ESI	Orbitrap	Crude	Pieter Dorrestein	helenamrusso	M+H	446.326	446.326	0	N/A	N/A	N/A	N/A	N/A	4	Positive	PRIVATE-USER	446.326	UPDATE-SINGLE-ANNOTATED-BRONZE	Insilico		N/A	N/A	N/A	N/A	N/A	N/A	N/A	N/A	N/A
CCMSLIB00012177773	4813	spectra_filtered.mgf	library_massQL_acyl_amides_filtered_cos07_ok_renumbered.mgf	0.935792	1972700.0	0	0.61682	5	0.000106812	173.165	1	temp/spectra_filtered.mgf4813	1	Candidate Putrescine-C5:0 (delta mass:84.0576)	LC-ESI	Orbitrap	Crude	Pieter Dorrestein	helenamrusso	M+H	173.165	173.165	0	N/A	N/A	N/A	N/A	N/A	4	Positive	PRIVATE-USER	173.165	UPDATE-SINGLE-ANNOTATED-BRONZE	Insilico		N/A	N/A	N/A	N/A	N/A	N/A	N/A	N/A	N/A
CCMSLIB00012181058	13221	spectra_filtered.mgf	library_massQL_acyl_amides_filtered_cos07_ok_renumbered.mgf	0.934946	414000.0	0	2.68802	9	0.000701904	261.124	1	temp/spectra_filtered.mgf13221	1	Candidate Tryptophan-C3:0 (delta mass:56.0258)	LC-ESI	Orbitrap	Crude	Pieter Dorrestein	helenamrusso	M+H	261.123	261.123	0	N/A	N/A	N/A	N/A	N/A	4	Positive	PRIVATE-USER	261.123	UPDATE-SINGLE-ANNOTATED-BRONZE	Insilico		N/A	N/A	N/A	N/A	N/A	N/A	N/A	N/A	N/A
CCMSLIB00012180781	5683	spectra_filtered.mgf	library_massQL_acyl_amides_filtered_cos07_ok_renumbered.mgf	0.934724	628000.0	0	0.444887	7	0.000106812	240.087	1	temp/spectra_filtered.mgf5683	1	Candidate L-DOPA-C2:0 (delta mass:42.0106)	LC-ESI	Orbitrap	Crude	Pieter Dorrestein	helenamrusso	M+H	240.087	240.087	0	N/A	N/A	N/A	N/A	N/A	4	Positive	PRIVATE-USER	240.087	UPDATE-SINGLE-ANNOTATED-BRONZE	Insilico		N/A	N/A	N/A	N/A	N/A	N/A	N/A	N/A	N/A
CCMSLIB00012180715	12600	spectra_filtered.mgf	library_massQL_acyl_amides_filtered_cos07_ok_renumbered.mgf	0.927674	440600.0	0	46.7326	5	0.0108948	233.141	1	temp/spectra_filtered.mgf12600	1	Candidate 5-methoxytryptamine-C2:0 (delta mass:42.0121)	LC-ESI	Orbitrap	Crude	Pieter Dorrestein	helenamrusso	M+H	233.13	233.13	0	N/A	N/A	N/A	N/A	N/A	4	Positive	PRIVATE-USER	233.13	UPDATE-SINGLE-ANNOTATED-BRONZE	Insilico		N/A	N/A	N/A	N/A	N/A	N/A	N/A	N/A	N/A
CCMSLIB00012179286	9944	spectra_filtered.mgf	library_massQL_acyl_amides_filtered_cos07_ok_renumbered.mgf	0.927346	9420000.0	0	0.985925	7	0.000198364	201.196	1	temp/spectra_filtered.mgf9944	1	Candidate Cadaverine-C6:0 (delta mass:98.0731)	LC-ESI	Orbitrap	Crude	Pieter Dorrestein	helenamrusso	M+H	201.196	201.196	0	N/A	N/A	N/A	N/A	N/A	4	Positive	PRIVATE-USER	201.196	UPDATE-SINGLE-ANNOTATED-BRONZE	Insilico		N/A	N/A	N/A	N/A	N/A	N/A	N/A	N/A	N/A
CCMSLIB00012180240	10855	spectra_filtered.mgf	library_massQL_acyl_amides_filtered_cos07_ok_renumbered.mgf	0.924909	1467000.0	0	0.485286	9	0.000106812	220.1	1	temp/spectra_filtered.mgf10855	1	Candidate Methionine-C4:0 (delta mass:70.0418)	LC-ESI	Orbitrap	Crude	Pieter Dorrestein	helenamrusso	M+H	220.1	220.1	0	N/A	N/A	N/A	N/A	N/A	4	Positive	PRIVATE-USER	220.1	UPDATE-SINGLE-ANNOTATED-BRONZE	Insilico		N/A	N/A	N/A	N/A	N/A	N/A	N/A	N/A	N/A
CCMSLIB00012181886	18694	spectra_filtered.mgf	library_massQL_acyl_amides_filtered_cos07_ok_renumbered.mgf	0.922953	482200.0	0	4.45962	4	0.00131226	294.254	1	temp/spectra_filtered.mgf18694	1	Candidate Histamine-C12:0 (delta mass:182.166)	LC-ESI	Orbitrap	Crude	Pieter Dorrestein	helenamrusso	M+H	294.253	294.253	0	N/A	N/A	N/A	N/A	N/A	4	Positive	PRIVATE-USER	294.253	UPDATE-SINGLE-ANNOTATED-BRONZE	Insilico		N/A	N/A	N/A	N/A	N/A	N/A	N/A	N/A	N/A
CCMSLIB00012180046	8386	spectra_filtered.mgf	library_massQL_acyl_amides_filtered_cos07_ok_renumbered.mgf	0.921963	337400.0	0	56.6322	5	0.0119019	210.149	1	temp/spectra_filtered.mgf8386	1	Candidate Histamine-C6:0 (delta mass:98.0736)	LC-ESI	Orbitrap	Crude	Pieter Dorrestein	helenamrusso	M+H	210.161	210.161	0	N/A	N/A	N/A	N/A	N/A	4	Positive	PRIVATE-USER	210.161	UPDATE-SINGLE-ANNOTATED-BRONZE	Insilico		N/A	N/A	N/A	N/A	N/A	N/A	N/A	N/A	N/A
CCMSLIB00012180783	4689	spectra_filtered.mgf	library_massQL_acyl_amides_filtered_cos07_ok_renumbered.mgf	0.921955	328000.0	0	38.3163	7	0.00920105	240.125	1	temp/spectra_filtered.mgf4689	1	Candidate Histidine-C5:0 (delta mass:84.0572)	LC-ESI	Orbitrap	Crude	Pieter Dorrestein	helenamrusso	M+H	240.134	240.134	0	N/A	N/A	N/A	N/A	N/A	4	Positive	PRIVATE-USER	240.134	UPDATE-SINGLE-ANNOTATED-BRONZE	Insilico		N/A	N/A	N/A	N/A	N/A	N/A	N/A	N/A	N/A
CCMSLIB00012183328	32449	spectra_filtered.mgf	library_massQL_acyl_amides_filtered_cos07_ok_renumbered.mgf	0.921746	910600.0	0	0.303403	5	0.00012207	402.336	1	temp/spectra_filtered.mgf32449	1	Candidate Tyramine-C18:1 (delta mass:264.2453)	LC-ESI	Orbitrap	Crude	Pieter Dorrestein	helenamrusso	M+H	402.337	402.337	0	N/A	N/A	N/A	N/A	N/A	4	Positive	PRIVATE-USER	402.337	UPDATE-SINGLE-ANNOTATED-BRONZE	Insilico		N/A	N/A	N/A	N/A	N/A	N/A	N/A	N/A	N/A
CCMSLIB00012180130	15189	spectra_filtered.mgf	library_massQL_acyl_amides_filtered_cos07_ok_renumbered.mgf	0.91691	1140200.0	0	0.494133	6	0.000106812	216.159	1	temp/spectra_filtered.mgf15189	1	Candidate Leucine-C5:0 (delta mass:84.0576)	LC-ESI	Orbitrap	Crude	Pieter Dorrestein	helenamrusso	M+H	216.16	216.16	0	N/A	N/A	N/A	N/A	N/A	4	Positive	PRIVATE-USER	216.16	UPDATE-SINGLE-ANNOTATED-BRONZE	Insilico		N/A	N/A	N/A	N/A	N/A	N/A	N/A	N/A	N/A
CCMSLIB00012183319	31008	spectra_filtered.mgf	library_massQL_acyl_amides_filtered_cos07_ok_renumbered.mgf	0.916187	2301300.0	0	1.29596	12	0.000518799	400.321	1	temp/spectra_filtered.mgf31008	1	Candidate Tyramine-C18:2 (delta mass:262.2293)	LC-ESI	Orbitrap	Crude	Pieter Dorrestein	helenamrusso	M+H	400.321	400.321	0	N/A	N/A	N/A	N/A	N/A	4	Positive	PRIVATE-USER	400.321	UPDATE-SINGLE-ANNOTATED-BRONZE	Insilico		N/A	N/A	N/A	N/A	N/A	N/A	N/A	N/A	N/A
CCMSLIB00012183728	31397	spectra_filtered.mgf	library_massQL_acyl_amides_filtered_cos07_ok_renumbered.mgf	0.916028	3154600.0	0	3.57956	7	0.00158691	443.325	1	temp/spectra_filtered.mgf31397	1	Candidate Tryptophan-C16:0 (delta mass:238.2298)	LC-ESI	Orbitrap	Crude	Pieter Dorrestein	helenamrusso	M+H	443.327	443.327	0	N/A	N/A	N/A	N/A	N/A	4	Positive	PRIVATE-USER	443.327	UPDATE-SINGLE-ANNOTATED-BRONZE	Insilico		N/A	N/A	N/A	N/A	N/A	N/A	N/A	N/A	N/A
CCMSLIB00012182263	22550	spectra_filtered.mgf	library_massQL_acyl_amides_filtered_cos07_ok_renumbered.mgf	0.915346	465000.0	0	14.7914	5	0.00497437	336.306	1	temp/spectra_filtered.mgf22550	1	Candidate Histamine-C15:0 (delta mass:224.2139)	LC-ESI	Orbitrap	Crude	Pieter Dorrestein	helenamrusso	M+H	336.301	336.301	0	N/A	N/A	N/A	N/A	N/A	4	Positive	PRIVATE-USER	336.301	UPDATE-SINGLE-ANNOTATED-BRONZE	Insilico		N/A	N/A	N/A	N/A	N/A	N/A	N/A	N/A	N/A
CCMSLIB00012181920	20828	spectra_filtered.mgf	library_massQL_acyl_amides_filtered_cos07_ok_renumbered.mgf	0.913693	2535000.0	0	3.05885	10	0.000915527	299.306	1	temp/spectra_filtered.mgf20828	1	Candidate Putrescine-C14:0 (delta mass:210.1973)	LC-ESI	Orbitrap	Crude	Pieter Dorrestein	helenamrusso	M+H	299.305	299.305	0	N/A	N/A	N/A	N/A	N/A	4	Positive	PRIVATE-USER	299.305	UPDATE-SINGLE-ANNOTATED-BRONZE	Insilico		N/A	N/A	N/A	N/A	N/A	N/A	N/A	N/A	N/A
CCMSLIB00012180749	18006	spectra_filtered.mgf	library_massQL_acyl_amides_filtered_cos07_ok_renumbered.mgf	0.91338	199400.0	0	8.9163	4	0.00210571	236.162	1	temp/spectra_filtered.mgf18006	1	Candidate Tyramine-C6:0 (delta mass:98.0732)	LC-ESI	Orbitrap	Crude	Pieter Dorrestein	helenamrusso	M+H	236.165	236.165	0	N/A	N/A	N/A	N/A	N/A	4	Positive	PRIVATE-USER	236.165	UPDATE-SINGLE-ANNOTATED-BRONZE	Insilico		N/A	N/A	N/A	N/A	N/A	N/A	N/A	N/A	N/A
CCMSLIB00012183272	28216	spectra_filtered.mgf	library_massQL_acyl_amides_filtered_cos07_ok_renumbered.mgf	0.912569	1741200.0	0	4.00384	9	0.00158691	396.346	1	temp/spectra_filtered.mgf28216	1	Candidate Leucine-C18:1 (delta mass:264.246)	LC-ESI	Orbitrap	Crude	Pieter Dorrestein	helenamrusso	M+H	396.348	396.348	0	N/A	N/A	N/A	N/A	N/A	4	Positive	PRIVATE-USER	396.348	UPDATE-SINGLE-ANNOTATED-BRONZE	Insilico		N/A	N/A	N/A	N/A	N/A	N/A	N/A	N/A	N/A
CCMSLIB00012179166	4449	spectra_filtered.mgf	library_massQL_acyl_amides_filtered_cos07_ok_renumbered.mgf	0.908014	3184000.0	0	1.01132	6	0.000198364	196.145	1	temp/spectra_filtered.mgf4449	1	Candidate Histamine-C5:0 (delta mass:84.0577)	LC-ESI	Orbitrap	Crude	Pieter Dorrestein	helenamrusso	M+H	196.145	196.145	0	N/A	N/A	N/A	N/A	N/A	4	Positive	PRIVATE-USER	196.145	UPDATE-SINGLE-ANNOTATED-BRONZE	Insilico		N/A	N/A	N/A	N/A	N/A	N/A	N/A	N/A	N/A
CCMSLIB00012183051	31275	spectra_filtered.mgf	library_massQL_acyl_amides_filtered_cos07_ok_renumbered.mgf	0.90398	537000.0	0	3.14381	8	0.0012207	388.286	1	temp/spectra_filtered.mgf31275	1	Candidate Methionine-C16:0 (delta mass:238.2292)	LC-ESI	Orbitrap	Crude	Pieter Dorrestein	helenamrusso	M+H	388.288	388.288	0	N/A	N/A	N/A	N/A	N/A	4	Positive	PRIVATE-USER	388.288	UPDATE-SINGLE-ANNOTATED-BRONZE	Insilico		N/A	N/A	N/A	N/A	N/A	N/A	N/A	N/A	N/A
CCMSLIB00012179852	8475	spectra_filtered.mgf	library_massQL_acyl_amides_filtered_cos07_ok_renumbered.mgf	0.902357	2108000.0	0	3.4059	6	0.000701904	206.084	1	temp/spectra_filtered.mgf8475	1	Candidate Methionine-C3:0 (delta mass:56.0264)	LC-ESI	Orbitrap	Crude	Pieter Dorrestein	helenamrusso	M+H	206.085	206.085	0	N/A	N/A	N/A	N/A	N/A	4	Positive	PRIVATE-USER	206.085	UPDATE-SINGLE-ANNOTATED-BRONZE	Insilico		N/A	N/A	N/A	N/A	N/A	N/A	N/A	N/A	N/A
CCMSLIB00012176808	670	spectra_filtered.mgf	library_massQL_acyl_amides_filtered_cos07_ok_renumbered.mgf	0.900746	29300000.0	0	31.3048	5	0.00410461	131.113	1	temp/spectra_filtered.mgf670	1	Candidate Putrescine-C2:0 (delta mass:42.0103)	LC-ESI	Orbitrap	Crude	Pieter Dorrestein	helenamrusso	M+H	131.118	131.118	0	N/A	N/A	N/A	N/A	N/A	4	Positive	PRIVATE-USER	131.118	UPDATE-SINGLE-ANNOTATED-BRONZE	Insilico		N/A	N/A	N/A	N/A	N/A	N/A	N/A	N/A	N/A
CCMSLIB00012181836	23208	spectra_filtered.mgf	library_massQL_acyl_amides_filtered_cos07_ok_renumbered.mgf	0.899285	180000.0	0	1.47219	4	0.000427246	290.211	1	temp/spectra_filtered.mgf23208	1	Candidate Tyramine-C10:1 (delta mass:152.1195)	LC-ESI	Orbitrap	Crude	Pieter Dorrestein	helenamrusso	M+H	290.211	290.211	0	N/A	N/A	N/A	N/A	N/A	4	Positive	PRIVATE-USER	290.211	UPDATE-SINGLE-ANNOTATED-BRONZE	Insilico		N/A	N/A	N/A	N/A	N/A	N/A	N/A	N/A	N/A
CCMSLIB00012180049	877	spectra_filtered.mgf	library_massQL_acyl_amides_filtered_cos07_ok_renumbered.mgf	0.891083	4587000.0	0	3.74092	6	0.000793457	212.103	1	temp/spectra_filtered.mgf877	1	Candidate 3-methylhistidine-C2:0 (delta mass:42.01)	LC-ESI	Orbitrap	Crude	Pieter Dorrestein	helenamrusso	M+H	212.102	212.102	0	N/A	N/A	N/A	N/A	N/A	4	Positive	PRIVATE-USER	212.102	UPDATE-SINGLE-ANNOTATED-BRONZE	Insilico		N/A	N/A	N/A	N/A	N/A	N/A	N/A	N/A	N/A
CCMSLIB00012183720	32983	spectra_filtered.mgf	library_massQL_acyl_amides_filtered_cos07_ok_renumbered.mgf	0.886302	440900.0	0	12.9304	8	0.00570679	441.342	1	temp/spectra_filtered.mgf32983	1	Candidate Serotonin-C18:1 (delta mass:264.2453)	LC-ESI	Orbitrap	Crude	Pieter Dorrestein	helenamrusso	M+H	441.348	441.348	0	N/A	N/A	N/A	N/A	N/A	4	Positive	PRIVATE-USER	441.348	UPDATE-SINGLE-ANNOTATED-BRONZE	Insilico		N/A	N/A	N/A	N/A	N/A	N/A	N/A	N/A	N/A
CCMSLIB00012183414	31931	spectra_filtered.mgf	library_massQL_acyl_amides_filtered_cos07_ok_renumbered.mgf	0.869034	3604300.0	0	14.9092	12	0.00610352	409.373	1	temp/spectra_filtered.mgf31931	1	Candidate N-acetylcadaverine-C18:1 (delta mass:264.2455)	LC-ESI	Orbitrap	Crude	Pieter Dorrestein	helenamrusso	M+H	409.379	409.379	0	N/A	N/A	N/A	N/A	N/A	4	Positive	PRIVATE-USER	409.379	UPDATE-SINGLE-ANNOTATED-BRONZE	Insilico		N/A	N/A	N/A	N/A	N/A	N/A	N/A	N/A	N/A
CCMSLIB00012183820	37395	spectra_filtered.mgf	library_massQL_acyl_amides_filtered_cos07_ok_renumbered.mgf	0.86529	97900.0	0	6.99181	5	0.0032959	471.391	1	temp/spectra_filtered.mgf37395	1	Candidate Serotonin-C20:0 (delta mass:294.2923)	LC-ESI	Orbitrap	Crude	Pieter Dorrestein	helenamrusso	M+H	471.395	471.395	0	N/A	N/A	N/A	N/A	N/A	4	Positive	PRIVATE-USER	471.395	UPDATE-SINGLE-ANNOTATED-BRONZE	Insilico		N/A	N/A	N/A	N/A	N/A	N/A	N/A	N/A	N/A
CCMSLIB00012183721	23188	spectra_filtered.mgf	library_massQL_acyl_amides_filtered_cos07_ok_renumbered.mgf	0.862263	1713900.0	0	14.0357	14	0.00619507	441.374	1	temp/spectra_filtered.mgf23188	1	Candidate Arginine-C18:0 (delta mass:266.2612)	LC-ESI	Orbitrap	Crude	Pieter Dorrestein	helenamrusso	M+H	441.38	441.38	0	N/A	N/A	N/A	N/A	N/A	4	Positive	PRIVATE-USER	441.38	UPDATE-SINGLE-ANNOTATED-BRONZE	Insilico		N/A	N/A	N/A	N/A	N/A	N/A	N/A	N/A	N/A
CCMSLIB00012182162	23228	spectra_filtered.mgf	library_massQL_acyl_amides_filtered_cos07_ok_renumbered.mgf	0.850723	1354400.0	0	1.58491	6	0.000518799	327.337	1	temp/spectra_filtered.mgf23228	1	Candidate Putrescine-C16:0 (delta mass:238.2291)	LC-ESI	Orbitrap	Crude	Pieter Dorrestein	helenamrusso	M+H	327.336	327.336	0	N/A	N/A	N/A	N/A	N/A	4	Positive	PRIVATE-USER	327.336	UPDATE-SINGLE-ANNOTATED-BRONZE	Insilico		N/A	N/A	N/A	N/A	N/A	N/A	N/A	N/A	N/A
CCMSLIB00012180697	4361	spectra_filtered.mgf	library_massQL_acyl_amides_filtered_cos07_ok_renumbered.mgf	0.843525	1138100.0	0	0.858088	9	0.000198364	231.17	1	temp/spectra_filtered.mgf4361	1	Candidate Lysine-C5:0 (delta mass:84.0573)	LC-ESI	Orbitrap	Crude	Pieter Dorrestein	helenamrusso	M+H	231.17	231.17	0	N/A	N/A	N/A	N/A	N/A	4	Positive	PRIVATE-USER	231.17	UPDATE-SINGLE-ANNOTATED-BRONZE	Insilico		N/A	N/A	N/A	N/A	N/A	N/A	N/A	N/A	N/A
CCMSLIB00012181874	23827	spectra_filtered.mgf	library_massQL_acyl_amides_filtered_cos07_ok_renumbered.mgf	0.843278	133900.0	0	2.08863	5	0.000610352	292.227	1	temp/spectra_filtered.mgf23827	1	Candidate Tyramine-C10:0 (delta mass:154.135)	LC-ESI	Orbitrap	Crude	Pieter Dorrestein	helenamrusso	M+H	292.226	292.226	0	N/A	N/A	N/A	N/A	N/A	4	Positive	PRIVATE-USER	292.226	UPDATE-SINGLE-ANNOTATED-BRONZE	Insilico		N/A	N/A	N/A	N/A	N/A	N/A	N/A	N/A	N/A
CCMSLIB00012180086	10867	spectra_filtered.mgf	library_massQL_acyl_amides_filtered_cos07_ok_renumbered.mgf	0.842396	541800.0	0	1.34712	6	0.000289917	215.212	1	temp/spectra_filtered.mgf10867	1	Candidate Cadaverine-C7:0 (delta mass:112.0891)	LC-ESI	Orbitrap	Crude	Pieter Dorrestein	helenamrusso	M+H	215.212	215.212	0	N/A	N/A	N/A	N/A	N/A	4	Positive	PRIVATE-USER	215.212	UPDATE-SINGLE-ANNOTATED-BRONZE	Insilico		N/A	N/A	N/A	N/A	N/A	N/A	N/A	N/A	N/A
CCMSLIB00012183435	32041	spectra_filtered.mgf	library_massQL_acyl_amides_filtered_cos07_ok_renumbered.mgf	0.8295	4295500.0	0	6.73583	11	0.0027771	412.285	1	temp/spectra_filtered.mgf32041	1	Candidate Methionine-C18:2 (delta mass:262.2294)	LC-ESI	Orbitrap	Crude	Pieter Dorrestein	helenamrusso	M+H	412.288	412.288	0	N/A	N/A	N/A	N/A	N/A	4	Positive	PRIVATE-USER	412.288	UPDATE-SINGLE-ANNOTATED-BRONZE	Insilico		N/A	N/A	N/A	N/A	N/A	N/A	N/A	N/A	N/A
CCMSLIB00012183807	32048	spectra_filtered.mgf	library_massQL_acyl_amides_filtered_cos07_ok_renumbered.mgf	0.828817	2163200.0	0	1.04035	11	0.000488281	469.342	1	temp/spectra_filtered.mgf32048	1	Candidate Tryptophan-C18:1 (delta mass:264.2444)	LC-ESI	Orbitrap	Crude	Pieter Dorrestein	helenamrusso	M+H	469.342	469.342	0	N/A	N/A	N/A	N/A	N/A	4	Positive	PRIVATE-USER	469.342	UPDATE-SINGLE-ANNOTATED-BRONZE	Insilico		N/A	N/A	N/A	N/A	N/A	N/A	N/A	N/A	N/A
CCMSLIB00012183407	18921	spectra_filtered.mgf	library_massQL_acyl_amides_filtered_cos07_ok_renumbered.mgf	0.826154	488600.0	0	0.0	9	0.0	408.395	1	temp/spectra_filtered.mgf18921	1	Candidate Spermidine-C18:2 (delta mass:262.2294)	LC-ESI	Orbitrap	Crude	Pieter Dorrestein	helenamrusso	M+H	408.395	408.395	0	N/A	N/A	N/A	N/A	N/A	4	Positive	PRIVATE-USER	408.395	UPDATE-SINGLE-ANNOTATED-BRONZE	Insilico		N/A	N/A	N/A	N/A	N/A	N/A	N/A	N/A	N/A
CCMSLIB00012178524	2118	spectra_filtered.mgf	library_massQL_acyl_amides_filtered_cos07_ok_renumbered.mgf	0.822504	2030000.0	0	64.1757	6	0.0116882	182.117	1	temp/spectra_filtered.mgf2118	1	Candidate Histamine-C4:0 (delta mass:70.0418)	LC-ESI	Orbitrap	Crude	Pieter Dorrestein	helenamrusso	M+H	182.129	182.129	0	N/A	N/A	N/A	N/A	N/A	4	Positive	PRIVATE-USER	182.129	UPDATE-SINGLE-ANNOTATED-BRONZE	Insilico		N/A	N/A	N/A	N/A	N/A	N/A	N/A	N/A	N/A
CCMSLIB00012183411	24129	spectra_filtered.mgf	library_massQL_acyl_amides_filtered_cos07_ok_renumbered.mgf	0.82037	10454000.0	0	0.447317	9	0.000183105	409.342	1	temp/spectra_filtered.mgf24129	1	Candidate Lysine-C18:2 (delta mass:262.2291)	LC-ESI	Orbitrap	Crude	Pieter Dorrestein	helenamrusso	M+H	409.342	409.342	0	N/A	N/A	N/A	N/A	N/A	4	Positive	PRIVATE-USER	409.342	UPDATE-SINGLE-ANNOTATED-BRONZE	Insilico		N/A	N/A	N/A	N/A	N/A	N/A	N/A	N/A	N/A
CCMSLIB00012177079	3590	spectra_filtered.mgf	library_massQL_acyl_amides_filtered_cos07_ok_renumbered.mgf	0.8183	748900.0	0	0.671141	5	0.000106812	159.149	1	temp/spectra_filtered.mgf3590	1	Candidate Putrescine-C4:0 (delta mass:70.0419)	LC-ESI	Orbitrap	Crude	Pieter Dorrestein	helenamrusso	M+H	159.149	159.149	0	N/A	N/A	N/A	N/A	N/A	4	Positive	PRIVATE-USER	159.149	UPDATE-SINGLE-ANNOTATED-BRONZE	Insilico		N/A	N/A	N/A	N/A	N/A	N/A	N/A	N/A	N/A
CCMSLIB00012183037	23521	spectra_filtered.mgf	library_massQL_acyl_amides_filtered_cos07_ok_renumbered.mgf	0.81783	4680300.0	0	1.10874	8	0.000427246	385.342	1	temp/spectra_filtered.mgf23521	1	Candidate Lysine-C16:0 (delta mass:238.2299)	LC-ESI	Orbitrap	Crude	Pieter Dorrestein	helenamrusso	M+H	385.343	385.343	0	N/A	N/A	N/A	N/A	N/A	4	Positive	PRIVATE-USER	385.343	UPDATE-SINGLE-ANNOTATED-BRONZE	Insilico		N/A	N/A	N/A	N/A	N/A	N/A	N/A	N/A	N/A
CCMSLIB00012182894	29361	spectra_filtered.mgf	library_massQL_acyl_amides_filtered_cos07_ok_renumbered.mgf	0.817252	5748000.0	0	1.28388	7	0.000488281	380.316	1	temp/spectra_filtered.mgf29361	1	Candidate Valine-C18:2 (delta mass:262.2298)	LC-ESI	Orbitrap	Crude	Pieter Dorrestein	helenamrusso	M+H	380.316	380.316	0	N/A	N/A	N/A	N/A	N/A	4	Positive	PRIVATE-USER	380.316	UPDATE-SINGLE-ANNOTATED-BRONZE	Insilico		N/A	N/A	N/A	N/A	N/A	N/A	N/A	N/A	N/A
CCMSLIB00012182700	26402	spectra_filtered.mgf	library_massQL_acyl_amides_filtered_cos07_ok_renumbered.mgf	0.795601	3140200.0	0	0.247853	5	9.15527e-05	369.384	1	temp/spectra_filtered.mgf26402	1	Candidate Cadaverine-C18:0 (delta mass:266.2607)	LC-ESI	Orbitrap	Crude	Pieter Dorrestein	helenamrusso	M+H	369.384	369.384	0	N/A	N/A	N/A	N/A	N/A	4	Positive	PRIVATE-USER	369.384	UPDATE-SINGLE-ANNOTATED-BRONZE	Insilico		N/A	N/A	N/A	N/A	N/A	N/A	N/A	N/A	N/A
CCMSLIB00012177734	1341	spectra_filtered.mgf	library_massQL_acyl_amides_filtered_cos07_ok_renumbered.mgf	0.790073	7986000.0	0	65.3086	7	0.0113068	173.14	1	temp/spectra_filtered.mgf1341	1	Candidate N-acetylputrescine-C2:0 (delta mass:42.0104)	LC-ESI	Orbitrap	Crude	Pieter Dorrestein	helenamrusso	M+H	173.128	173.128	0	N/A	N/A	N/A	N/A	N/A	4	Positive	PRIVATE-USER	173.128	UPDATE-SINGLE-ANNOTATED-BRONZE	Insilico		N/A	N/A	N/A	N/A	N/A	N/A	N/A	N/A	N/A
CCMSLIB00012183513	28713	spectra_filtered.mgf	library_massQL_acyl_amides_filtered_cos07_ok_renumbered.mgf	0.782147	392500.0	0	16.3934	6	0.00698853	426.293	1	temp/spectra_filtered.mgf28713	1	Candidate Phenylalanine-C18:3 (delta mass:260.2136)	LC-ESI	Orbitrap	Crude	Pieter Dorrestein	helenamrusso	M+H	426.3	426.3	0	N/A	N/A	N/A	N/A	N/A	4	Positive	PRIVATE-USER	426.3	UPDATE-SINGLE-ANNOTATED-BRONZE	Insilico		N/A	N/A	N/A	N/A	N/A	N/A	N/A	N/A	N/A
CCMSLIB00012183705	23695	spectra_filtered.mgf	library_massQL_acyl_amides_filtered_cos07_ok_renumbered.mgf	0.781865	2107300.0	0	2.70889	9	0.00119019	439.362	1	temp/spectra_filtered.mgf23695	1	Candidate Arginine-C18:1 (delta mass:264.2446)	LC-ESI	Orbitrap	Crude	Pieter Dorrestein	helenamrusso	M+H	439.364	439.364	0	N/A	N/A	N/A	N/A	N/A	4	Positive	PRIVATE-USER	439.364	UPDATE-SINGLE-ANNOTATED-BRONZE	Insilico		N/A	N/A	N/A	N/A	N/A	N/A	N/A	N/A	N/A
CCMSLIB00012182861	24288	spectra_filtered.mgf	library_massQL_acyl_amides_filtered_cos07_ok_renumbered.mgf	0.777595	1686800.0	0	2.91931	4	0.00109863	376.332	1	temp/spectra_filtered.mgf24288	1	Candidate Histamine-C18:1 (delta mass:264.2466)	LC-ESI	Orbitrap	Crude	Pieter Dorrestein	helenamrusso	M+H	376.333	376.333	0	N/A	N/A	N/A	N/A	N/A	4	Positive	PRIVATE-USER	376.333	UPDATE-SINGLE-ANNOTATED-BRONZE	Insilico		N/A	N/A	N/A	N/A	N/A	N/A	N/A	N/A	N/A
CCMSLIB00012180169	972	spectra_filtered.mgf	library_massQL_acyl_amides_filtered_cos07_ok_renumbered.mgf	0.772525	12558000.0	0	1.4115	5	0.000305176	216.207	1	temp/spectra_filtered.mgf972	1	Candidate Spermidine-C4:0 (delta mass:70.0421)	LC-ESI	Orbitrap	Crude	Pieter Dorrestein	helenamrusso	M+H	216.207	216.207	0	N/A	N/A	N/A	N/A	N/A	4	Positive	PRIVATE-USER	216.207	UPDATE-SINGLE-ANNOTATED-BRONZE	Insilico		N/A	N/A	N/A	N/A	N/A	N/A	N/A	N/A	N/A
CCMSLIB00012179073	1526	spectra_filtered.mgf	library_massQL_acyl_amides_filtered_cos07_ok_renumbered.mgf	0.763702	6200000.0	0	2.66249	5	0.00050354	189.123	1	temp/spectra_filtered.mgf1526	1	Candidate Lysine-C2:0 (delta mass:42.0109)	LC-ESI	Orbitrap	Crude	Pieter Dorrestein	helenamrusso	M+H	189.124	189.124	0	N/A	N/A	N/A	N/A	N/A	4	Positive	PRIVATE-USER	189.124	UPDATE-SINGLE-ANNOTATED-BRONZE	Insilico		N/A	N/A	N/A	N/A	N/A	N/A	N/A	N/A	N/A
CCMSLIB00012183795	30655	spectra_filtered.mgf	library_massQL_acyl_amides_filtered_cos07_ok_renumbered.mgf	0.758972	5253900.0	0	5.5507	8	0.00259399	467.33	1	temp/spectra_filtered.mgf30655	1	Candidate Tryptophan-C18:2 (delta mass:262.23)	LC-ESI	Orbitrap	Crude	Pieter Dorrestein	helenamrusso	M+H	467.327	467.327	0	N/A	N/A	N/A	N/A	N/A	4	Positive	PRIVATE-USER	467.327	UPDATE-SINGLE-ANNOTATED-BRONZE	Insilico		N/A	N/A	N/A	N/A	N/A	N/A	N/A	N/A	N/A
CCMSLIB00012180169	9095	spectra_filtered.mgf	library_massQL_acyl_amides_filtered_cos07_ok_renumbered.mgf	0.755464	259100.0	0	0.917472	5	0.000198364	216.207	1	temp/spectra_filtered.mgf9095	1	Candidate Spermidine-C4:0 (delta mass:70.0421)	LC-ESI	Orbitrap	Crude	Pieter Dorrestein	helenamrusso	M+H	216.207	216.207	0	N/A	N/A	N/A	N/A	N/A	4	Positive	PRIVATE-USER	216.207	UPDATE-SINGLE-ANNOTATED-BRONZE	Insilico		N/A	N/A	N/A	N/A	N/A	N/A	N/A	N/A	N/A
CCMSLIB00012179081	1109	spectra_filtered.mgf	library_massQL_acyl_amides_filtered_cos07_ok_renumbered.mgf	0.754559	1208000.0	0	6.3421	4	0.00120544	190.072	1	temp/spectra_filtered.mgf1109	1	Candidate Glutamic acid-C2:0 (delta mass:42.0099)	LC-ESI	Orbitrap	Crude	Pieter Dorrestein	helenamrusso	M+H	190.07	190.07	0	N/A	N/A	N/A	N/A	N/A	4	Positive	PRIVATE-USER	190.07	UPDATE-SINGLE-ANNOTATED-BRONZE	Insilico		N/A	N/A	N/A	N/A	N/A	N/A	N/A	N/A	N/A
CCMSLIB00012177746	5010	spectra_filtered.mgf	library_massQL_acyl_amides_filtered_cos07_ok_renumbered.mgf	0.741841	911000.0	0	1.14576	5	0.000198364	173.128	1	temp/spectra_filtered.mgf5010	1	Candidate N-acetylputrescine-C2:0 (delta mass:42.0107)	LC-ESI	Orbitrap	Crude	Pieter Dorrestein	helenamrusso	M+H	173.129	173.129	0	N/A	N/A	N/A	N/A	N/A	4	Positive	PRIVATE-USER	173.129	UPDATE-SINGLE-ANNOTATED-BRONZE	Insilico		N/A	N/A	N/A	N/A	N/A	N/A	N/A	N/A	N/A
CCMSLIB00012177758	2942	spectra_filtered.mgf	library_massQL_acyl_amides_filtered_cos07_ok_renumbered.mgf	0.740301	9460000.0	0	1.14552	4	0.000198364	173.165	1	temp/spectra_filtered.mgf2942	1	Candidate Putrescine-C5:0 (delta mass:84.0573)	LC-ESI	Orbitrap	Crude	Pieter Dorrestein	helenamrusso	M+H	173.165	173.165	0	N/A	N/A	N/A	N/A	N/A	4	Positive	PRIVATE-USER	173.165	UPDATE-SINGLE-ANNOTATED-BRONZE	Insilico		N/A	N/A	N/A	N/A	N/A	N/A	N/A	N/A	N/A
CCMSLIB00012178175	3517	spectra_filtered.mgf	library_massQL_acyl_amides_filtered_cos07_ok_renumbered.mgf	0.736824	331500.0	0	93.6906	6	0.0164948	176.072	1	temp/spectra_filtered.mgf3517	1	Candidate Aspartic acid-C2:0 (delta mass:42.0108)	LC-ESI	Orbitrap	Crude	Pieter Dorrestein	helenamrusso	M+H	176.056	176.056	0	N/A	N/A	N/A	N/A	N/A	4	Positive	PRIVATE-USER	176.056	UPDATE-SINGLE-ANNOTATED-BRONZE	Insilico		N/A	N/A	N/A	N/A	N/A	N/A	N/A	N/A	N/A
CCMSLIB00012183422	19854	spectra_filtered.mgf	library_massQL_acyl_amides_filtered_cos07_ok_renumbered.mgf	0.720607	761700.0	0	0.223076	7	9.15527e-05	410.41	1	temp/spectra_filtered.mgf19854	1	Candidate Spermidine-C18:1 (delta mass:264.2451)	LC-ESI	Orbitrap	Crude	Pieter Dorrestein	helenamrusso	M+H	410.41	410.41	0	N/A	N/A	N/A	N/A	N/A	4	Positive	PRIVATE-USER	410.41	UPDATE-SINGLE-ANNOTATED-BRONZE	Insilico		N/A	N/A	N/A	N/A	N/A	N/A	N/A	N/A	N/A
CCMSLIB00012182505	25781	spectra_filtered.mgf	library_massQL_acyl_amides_filtered_cos07_ok_renumbered.mgf	0.720242	699400.0	0	1.11639	7	0.000396729	355.368	1	temp/spectra_filtered.mgf25781	1	Candidate Putrescine-C18:0 (delta mass:266.2612)	LC-ESI	Orbitrap	Crude	Pieter Dorrestein	helenamrusso	M+H	355.368	355.368	0	N/A	N/A	N/A	N/A	N/A	4	Positive	PRIVATE-USER	355.368	UPDATE-SINGLE-ANNOTATED-BRONZE	Insilico		N/A	N/A	N/A	N/A	N/A	N/A	N/A	N/A	N/A
CCMSLIB00012183028	19344	spectra_filtered.mgf	library_massQL_acyl_amides_filtered_cos07_ok_renumbered.mgf	0.708762	2009400.0	0	0.476348	10	0.000183105	384.395	1	temp/spectra_filtered.mgf19344	1	Candidate Spermidine-C16:0 (delta mass:238.2292)	LC-ESI	Orbitrap	Crude	Pieter Dorrestein	helenamrusso	M+H	384.394	384.394	0	N/A	N/A	N/A	N/A	N/A	4	Positive	PRIVATE-USER	384.394	UPDATE-SINGLE-ANNOTATED-BRONZE	Insilico		N/A	N/A	N/A	N/A	N/A	N/A	N/A	N/A	N/A
CCMSLIB00012179097	2936	spectra_filtered.mgf	library_massQL_acyl_amides_filtered_cos07_ok_renumbered.mgf	0.707289	4183000.0	0	1.60528	5	0.000305176	190.107	1	temp/spectra_filtered.mgf2936	1	Candidate Threonine/homoserine-C4:0 (delta mass:70.0419)	LC-ESI	Orbitrap	Crude	Pieter Dorrestein	helenamrusso	M+H	190.107	190.107	0	N/A	N/A	N/A	N/A	N/A	4	Positive	PRIVATE-USER	190.107	UPDATE-SINGLE-ANNOTATED-BRONZE	Insilico		N/A	N/A	N/A	N/A	N/A	N/A	N/A	N/A	N/A
CCMSLIB00012180999	13564	spectra_filtered.mgf	library_massQL_acyl_amides_filtered_cos07_ok_renumbered.mgf	0.704332	1600400.0	0	4.27114	6	0.00109863	257.221	1	temp/spectra_filtered.mgf13564	1	Candidate N-acetylcadaverine-C7:0 (delta mass:112.0891)	LC-ESI	Orbitrap	Crude	Pieter Dorrestein	helenamrusso	M+H	257.223	257.223	0	N/A	N/A	N/A	N/A	N/A	4	Positive	PRIVATE-USER	257.223	UPDATE-SINGLE-ANNOTATED-BRONZE	Insilico		N/A	N/A	N/A	N/A	N/A	N/A	N/A	N/A	N/A
CCMSLIB00012183428	23328	spectra_filtered.mgf	library_massQL_acyl_amides_filtered_cos07_ok_renumbered.mgf	0.703394	9845000.0	0	0.445124	6	0.000183105	411.358	1	temp/spectra_filtered.mgf23328	1	Candidate Lysine-C18:1 (delta mass:264.2452)	LC-ESI	Orbitrap	Crude	Pieter Dorrestein	helenamrusso	M+H	411.358	411.358	0	N/A	N/A	N/A	N/A	N/A	4	Positive	PRIVATE-USER	411.358	UPDATE-SINGLE-ANNOTATED-BRONZE	Insilico		N/A	N/A	N/A	N/A	N/A	N/A	N/A	N/A	N/A
